id,name,latitude,longitude
173,Sandino,22.0811111,-84.2216667
174,Mantua,22.2905556,-84.2872222
175,Minas de Matahambre,22.5861111,-83.9486111
176,Viñales,22.6152778,-83.7158333
177,La Palma,22.7563889,-83.5533333
178,Consolación del Sur,22.5047222,-83.5152778
179,Pinar del Río,22.4177778,-83.6980556
180,San Luis,22.2777778,-83.7677778
181,San Juan y Martínez,22.2677778,-83.8358333
182,Guane,22.2016667,-84.0833333
183,Los Palacios,22.5827778,-83.2480556
184,Bahía Honda,22.9036111,-83.1652778
185,Mariel,22.9897222,-82.7583333
186,Guanajay,22.9297222,-82.6880556
187,Caimito,22.9577778,-82.6038889
188,Bauta,22.9916667,-82.5483333
189,San Antonio de los Baños,22.8908333,-82.5038889
190,Güira de Melena,22.8022222,-82.5047222
191,Alquízar,22.8047222,-82.5827778
192,Artemisa,22.8136111,-82.7636111
193,Candelaria,22.7405556,-82.9583333
194,San Cristóbal,22.7144444,-83.0566667
195,Playa,23.0955556,-82.4486111
196,Plaza de la Revolución,23.1158333,-82.3877778
197,Centro Habana,23.1294444,-82.3833333
198,La Habana Vieja,23.1355556,-82.3497222
199,Regla,23.1255556,-82.3319444
200,Habana del Este,23.1569444,-82.2977778
201,Guanabacoa,23.1180556,-82.2836111
202,San Miguel del Padrón,23.0919444,-82.3277778
203,Diez de Octubre,23.0888889,-82.3597222
204,Cerro,23.1036111,-82.3819444
205,Marianao,23.0855556,-82.4333333
206,La Lisa,23.0458333,-82.4583333
207,Boyeros,23.0219444,-82.4016667
208,Arroyo Naranjo,23.0377778,-82.3327778
209,Cotorro,23.0294444,-82.2486111
210,Bejucal,22.9327778,-82.3861111
211,San José de las Lajas,22.9613889,-82.1538889
212,Jaruco,23.0430556,-82.0080556
213,Santa Cruz del Norte,23.1552778,-81.9241667
214,Madruga,22.9119444,-81.8597222
215,Nueva Paz,22.7625,-81.7563889
216,San Nicolás,22.7822222,-81.9166667
217,Güines,22.8408333,-82.0238889
218,Melena del Sur,22.7825,-82.1483333
219,Batabanó,22.7297222,-82.2894444
220,Quivicán,22.8238889,-82.3513889
221,Martí,22.9527778,-80.9252778
222,Colón,22.7194444,-80.9055556
223,Perico,22.7702778,-81.0152778
224,Jovellanos,22.8058333,-81.2027778
225,Pedro Betancourt,22.7263889,-81.2966667
226,Limonar,22.9505556,-81.4088889
227,Unión de Reyes,22.7988889,-81.5372222
228,Ciénaga de Zapata,22.2427778,-81.4155556
229,Jagüey Grande,22.5269444,-81.1325
230,Calimete,22.5341667,-80.9097222
231,Los Arabos,22.7330556,-80.7222222
232,Matanzas,23.0411111,-81.5775
233,Cárdenas,23.0361111,-81.2038889
234,Aguada de Pasajeros,22.3847222,-80.8477778
235,Rodas,22.3422222,-80.5569444
236,Palmira,22.2447222,-80.3933333
237,Cienfuegos,22.1497222,-80.4491667
238,Cruces,22.3422222,-80.2727778
239,Cumanayagua,22.1538889,-80.2011111
240,Lajas,22.4161111,-80.2930556
241,Abreus,22.2797222,-80.5691667
242,Corralillo,22.9872222,-80.5888889
243,Quemado de Güines,22.7883333,-80.2530556
244,Sagua la Grande,22.8058333,-80.0758333
245,Encrucijada,22.6172222,-79.8661111
246,Camajuaní,22.4686111,-79.7238889
247,Caibarién,22.5202778,-79.4683333
248,Remedios,22.4922222,-79.5455556
249,Placetas,22.3158333,-79.6547222
250,Santa Clara,22.4069444,-79.9647222
251,Cifuentes,22.6488889,-80.0327778
252,Ranchuelo,22.3744444,-80.1466667
253,Santo Domingo,22.5844444,-80.2397222
254,Manicaragua,22.1502778,-79.9758333
255,Yaguajay,22.3358333,-79.2377778
256,Jatibonico,21.9444444,-79.1694444
257,Taguasco,22.0022222,-79.2641667
258,Cabaiguán,22.0794444,-79.4969444
259,Fomento,22.1072222,-79.7194444
260,Sancti Spíritus,21.9302778,-79.4427778
261,Trinidad,21.8047222,-79.9847222
262,La Sierpe,21.7677778,-79.2433333
263,Chambas,22.1938889,-78.9125
264,Morón,22.1097222,-78.6275
265,Bolivia,22.0758333,-78.3508333
266,Ciro Redondo,22.0241667,-78.7030556
267,Primero de Enero,21.9483333,-78.4277778
268,Ciego de Ávila,21.8477778,-78.7619444
269,Venezuela,21.7383333,-78.7858333
270,Florencia,22.1466667,-78.9741667
271,Majagua,21.9233333,-78.9902778
272,Baraguá,21.6838889,-78.6263889
273,Nuevitas,21.5458333,-77.2644444
274,Minas,21.4897222,-77.6044444
275,Sierra de Cubitas,21.7308333,-77.7705556
276,Esmeralda,21.8511111,-78.1113889
277,Camagüey,21.3808333,-77.9169444
278,Carlos Manuel de Céspedes,21.5775,-78.2763889
279,Vertientes,21.2586111,-78.1502778
280,Florida,21.5302778,-78.2247222
281,Guáimaro,21.0552778,-77.3483333
282,Sibanicú,21.2388889,-77.5258333
283,Najasa,21.0833333,-77.7463889
284,Jimaguayú,21.2669444,-77.8302778
285,Santa Cruz del Sur,20.7202778,-77.9936111
286,Manatí,21.3147222,-76.9361111
287,Puerto Padre,21.1961111,-76.6038889
288,Jesús Menéndez,21.1605556,-76.4791667
289,Majibacoa,20.9208333,-76.8752778
290,Las Tunas,20.9597222,-76.9511111
291,Jobabo,20.9672222,-77.2802778
292,Colombia,20.9894444,-77.4191667
293,Amancio,20.8191667,-77.5841667
294,Rafael Freyre,21.0319444,-75.9972222
295,Gibara,21.1094444,-76.1313889
296,Banes,20.9633333,-75.7188889
297,Antilla,20.8447222,-75.7472222
298,Báguanos,20.7625,-76.0313889
299,Holguín,20.8872222,-76.2630556
300,Calixto García,20.8555556,-76.6027778
301,Cacocum,20.7438889,-76.3238889
302,Urbano Noris,20.6016667,-76.1244444
303,Cueto,20.6480556,-75.9297222
304,Mayarí,20.6594444,-75.6777778
305,Frank País,20.6638889,-75.2816667
306,Sagua de Tánamo,20.5863889,-75.2416667
307,Moa,20.6580556,-74.9444444
308,Río Cauto,20.5591667,-76.9169444
309,Cauto Cristo,20.5588889,-76.4711111
310,Jiguaní,20.3761111,-76.4277778
311,Bayamo,20.3791667,-76.6433333
312,Yara,20.2766667,-76.9502778
313,Manzanillo,20.3380556,-77.1116667
314,Campechuela,20.2341667,-77.2802778
315,Media Luna,20.1444444,-77.4344444
316,Niquero,20.0422222,-77.5816667
317,Pilón,19.9055556,-77.3211111
318,Bartolomé Masó,20.1683333,-76.9433333
319,Buey Arriba,20.1738889,-76.7488889
320,Guisa,20.2538889,-76.5369444
321,Contramaestre,20.3016667,-76.2472222
322,Mella,20.3805556,-75.9127778
323,San Luis,20.1883333,-75.8502778
324,Songo-La Maya,20.1733333,-75.6469444
325,Santiago de Cuba,20.0247222,-75.8219444
326,Segundo Frente,20.4111111,-75.5275
327,Guamá,19.9777778,-76.4169444
328,Tercer Frente,20.1716667,-76.3252778
329,Palma Soriano,20.2147222,-75.9927778
330,El Salvador,20.2736111,-75.2247222
331,Manuel Tames,20.1830556,-75.0527778
332,Yateras,20.3505556,-74.9986111
333,Baracoa,20.3486111,-74.4966667
334,Maisí,20.2472222,-74.1591667
335,Imías,20.0691667,-74.6338889
336,San Antonio del Sur,20.0644444,-74.8136111
337,Guantánamo,20.1447222,-75.2091667
338,Caimanera,19.9933333,-75.1644444
339,Niceto Pérez,20.1269444,-75.3452778
340,Isla de la Juventud,21.6833333,-82.85